BMICategory,SkinThickness
Obese,35
Overweight,29
Normal,
Overweight,23
Morbidly Obese,35
Overweight,
Obese,32
Obese,
Obese,45
Morbidly Obese,
Obese,
Obese,
Overweight,
Obese,23
Overweight,19
Morbidly Obese,
Morbidly Obese,47
Overweight,
Morbidly Obese,38
Obese,30
Obese,41
Obese,
Obese,
Overweight,35
Obese,33
Obese,26
Obese,
Normal,15
Normal,19
Obese,
Obese,26
Obese,36
Normal,11
Normal,
Overweight,31
Normal,33
Obese,
Obese,37
Obese,42
Obese,47
Obese,25
Morbidly Obese,
Normal,18
Morbidly Obese,24
Overweight,
Morbidly Obese,39
Overweight,
Overweight,27
Obese,32
Morbidly Obese,
Normal,11
Normal,15
Normal,21
Obese,34
Obese,42
Normal,10
Obese,39
Morbidly Obese,60
Morbidly Obese,
Morbidly Obese,41
Morbidly Obese,
Obese,
Morbidly Obese,
Overweight,34
Obese,
Overweight,27
Obese,30
Morbidly Obese,
Normal,13
Overweight,27
Obese,20
Overweight,35
Morbidly Obese,
Obese,20
Obese,30
Normal,20
Obese,
Obese,33
Morbidly Obese,
Morbidly Obese,22
Normal,13
Morbidly Obese,
Overweight,26
Normal,28
Morbidly Obese,
Obese,29
Obese,54
Obese,25
Obese,32
Overweight,19
Normal,
Obese,15
Morbidly Obese,40
Normal,
Normal,18
Obese,27
Obese,28
Normal,18
Overweight,30
Morbidly Obese,51
Obese,
Overweight,
Normal,
Overweight,18
Obese,
Overweight,29
Normal,
Overweight,28
Obese,31
Obese,25
Obese,33
Obese,26
Obese,34
Obese,
Obese,32
Obese,
Obese,
Obese,
Overweight,23
Normal,15
Morbidly Obese,56
Obese,39
Obese,30
Overweight,
Obese,
Morbidly Obese,42
Morbidly Obese,30
Obese,36
Obese,24
Overweight,
Overweight,14
Obese,
Obese,37
Obese,31
Normal,13
Obese,20
Obese,26
Overweight,25
Obese,
Obese,29
Normal,
Obese,30
Obese,26
Obese,
Obese,31
Morbidly Obese,23
Obese,37
Obese,35
Obese,
Overweight,17
Obese,50
Normal,
Obese,28
Morbidly Obese,42
Morbidly Obese,
Morbidly Obese,44
Normal,15
Overweight,21
Overweight,19
Morbidly Obese,41
Overweight,38
Obese,40
Morbidly Obese,34
Overweight,23
Obese,
Morbidly Obese,18
Obese,25
Overweight,
Obese,
Overweight,12
Obese,
Obese,23
Overweight,23
Morbidly Obese,42
Overweight,24
Obese,42
Obese,
Morbidly Obese,46
Morbidly Obese,
Obese,
Normal,
Obese,18
Overweight,20
Overweight,
Overweight,
Obese,28
Obese,36
Obese,41
Overweight,39
Obese,35
Normal,
Obese,44
Obese,
Morbidly Obese,
Normal,20
Obese,41
Normal,
Normal,13
Obese,44
Obese,27
Obese,16
Morbidly Obese,
Overweight,20
Normal,16
Obese,32
Normal,28
Obese,29
Obese,
Obese,27
Obese,33
Overweight,22
Morbidly Obese,54
Obese,31
Morbidly Obese,26
Obese,32
Morbidly Obese,40
Obese,41
Morbidly Obese,30
Overweight,22
Obese,
Obese,29
Obese,
Overweight,
Overweight,33
Normal,15
Obese,27
Obese,
Obese,38
Obese,39
Morbidly Obese,31
Morbidly Obese,
Morbidly Obese,37
Overweight,25
Obese,
Overweight,28
Morbidly Obese,
Obese,21
Morbidly Obese,27
Obese,21
Morbidly Obese,
Overweight,24
Obese,32
Overweight,
Overweight,22
Obese,35
Morbidly Obese,15
Obese,
Morbidly Obese,33
Obese,33
Obese,19
Obese,
Overweight,
Normal,14
Obese,32
Overweight,7
Obese,35
Obese,39
Overweight,22
Overweight,16
Obese,28
Obese,15
Morbidly Obese,
Obese,32
Obese,15
Obese,
Obese,18
Obese,
Morbidly Obese,42
Overweight,
Overweight,
Morbidly Obese,37
Overweight,32
Normal,
Obese,50
Obese,
Morbidly Obese,52
Overweight,24
Overweight,23
Morbidly Obese,
Overweight,10
Obese,
Obese,28
Obese,15
Obese,
Overweight,
Overweight,26
Obese,44
Morbidly Obese,39
Normal,17
Obese,43
Obese,29
Obese,30
Morbidly Obese,37
Morbidly Obese,45
Normal,
Obese,31
Overweight,38
Obese,29
Obese,25
Normal,
Obese,
Obese,33
Obese,41
Morbidly Obese,
Normal,
Obese,37
Overweight,23
Normal,14
Obese,19
Obese,28
Overweight,30
Obese,37
Overweight,17
Overweight,10
Obese,31
Obese,22
Normal,11
Obese,
Obese,39
Normal,
Overweight,12
Obese,30
Overweight,20
Overweight,33
Obese,32
Overweight,21
Obese,32
Obese,
Morbidly Obese,36
Obese,32
Normal,19
Obese,16
Morbidly Obese,
Normal,
Normal,18
Morbidly Obese,43
Obese,
Obese,
Obese,34
Morbidly Obese,
Overweight,13
Overweight,21
Obese,35
Obese,
Obese,
Obese,36
Overweight,19
Normal,
Normal,19
Morbidly Obese,32
Morbidly Obese,
Obese,
Obese,28
Overweight,12
Morbidly Obese,
Obese,
Obese,40
Morbidly Obese,30
Obese,40
Obese,36
Obese,33
Overweight,
Obese,37
Obese,
Obese,25
Obese,28
Overweight,
Normal,17
Overweight,16
Obese,28
Obese,48
Morbidly Obese,23
Obese,22
Obese,40
Obese,43
Obese,43
Overweight,15
Obese,37
Morbidly Obese,
Morbidly Obese,39
Obese,30
Normal,22
Overweight,8
Overweight,18
Normal,24
Normal,13
Obese,29
Morbidly Obese,36
Obese,26
Obese,23
Obese,29
Morbidly Obese,
Normal,14
Normal,12
Obese,
Overweight,24
Normal,34
Obese,40
Normal,
Obese,31
Obese,
Normal,
Obese,41
Obese,25
Obese,
Morbidly Obese,32
Overweight,
Normal,
Overweight,
Morbidly Obese,49
Obese,39
Obese,30
Morbidly Obese,23
Overweight,22
Obese,35
Obese,33
Overweight,21
Obese,32
Underweight,
Overweight,29
Morbidly Obese,41
Overweight,18
Morbidly Obese,46
Obese,22
Morbidly Obese,32
Obese,39
Morbidly Obese,
Obese,30
Morbidly Obese,46
Obese,25
Normal,
Obese,16
Morbidly Obese,11
Overweight,
Normal,8
Morbidly Obese,
Obese,33
Morbidly Obese,
Underweight,15
Obese,
Obese,25
Obese,23
Obese,27
Obese,
Overweight,12
Morbidly Obese,63
Overweight,12
Obese,45
Obese,37
Obese,18
Normal,13
Overweight,
Morbidly Obese,32
Normal,
Obese,28
Obese,30
Overweight,
Obese,28
Obese,48
Overweight,33
Normal,22
Normal,
Obese,40
Overweight,30
Normal,
Normal,13
Overweight,10
Obese,36
Morbidly Obese,
Morbidly Obese,41
Morbidly Obese,40
Obese,38
Obese,27
Morbidly Obese,
Overweight,
Overweight,27
Obese,45
Normal,17
Overweight,38
Overweight,31
Obese,30
Obese,37
Overweight,22
Obese,31
Morbidly Obese,
Morbidly Obese,42
Morbidly Obese,41
Morbidly Obese,32
Overweight,17
Overweight,
Obese,28
Obese,30
Obese,38
Overweight,18
Morbidly Obese,
Overweight,
Overweight,
Obese,15
Overweight,33
Overweight,32
Overweight,19
Obese,32
Obese,41
Obese,25
Obese,39
Obese,
Obese,26
Overweight,23
Obese,23
Morbidly Obese,
Overweight,31
Normal,17
Normal,
Overweight,
Overweight,19
Obese,18
Obese,34
Obese,
Obese,
Normal,7
Morbidly Obese,32
Obese,33
Morbidly Obese,
Obese,
Obese,
Normal,18
Underweight,19
Overweight,15
Obese,31
Normal,
Overweight,18
Morbidly Obese,
Morbidly Obese,52
Overweight,
Obese,30
Obese,
Overweight,
Normal,
Obese,37
Obese,49
Obese,40
Obese,25
Obese,32
Obese,23
Obese,29
Obese,35
Morbidly Obese,27
Obese,21
Obese,43
Overweight,31
Overweight,28
Obese,30
Overweight,
Morbidly Obese,24
Obese,23
Overweight,33
Obese,40
Overweight,
Morbidly Obese,40
Obese,
Obese,
Morbidly Obese,32
Obese,34
Overweight,19
Obese,
Overweight,14
Obese,30
Obese,32
Obese,29
Obese,30
Obese,
Normal,
Overweight,31
Obese,17
Obese,30
Obese,47
Normal,20
Morbidly Obese,
Overweight,
Obese,99
Morbidly Obese,46
Morbidly Obese,27
Overweight,17
Obese,
Overweight,24
Normal,11
Obese,
Normal,
Obese,27
Normal,
Morbidly Obese,40
Obese,50
Obese,
Overweight,22
Obese,45
Obese,14
Morbidly Obese,
Overweight,19
Obese,
Normal,18
Overweight,19
Normal,
Overweight,36
Obese,29
Overweight,
Obese,32
Morbidly Obese,42
Normal,25
Morbidly Obese,39
Normal,13
Obese,21
Obese,22
Obese,42
Obese,28
Obese,26
Overweight,
Overweight,
Normal,13
Overweight,24
Obese,
Obese,42
Normal,20
Morbidly Obese,
Morbidly Obese,27
Obese,
Obese,47
Normal,
Obese,
Obese,
Normal,22
Overweight,
Obese,40
Overweight,
Overweight,17
Overweight,
Obese,
Overweight,
Obese,18
Morbidly Obese,32
Normal,12
Overweight,17
Obese,
Overweight,
Overweight,
Overweight,30
Obese,35
Normal,17
Obese,36
Overweight,35
Overweight,25
Overweight,25
Obese,23
Obese,40
Overweight,
Obese,28
Obese,27
Normal,35
Obese,48
Obese,
Obese,31
Overweight,
Morbidly Obese,43
Obese,46
Obese,46
Obese,39
Obese,45
Obese,18
Overweight,27
Obese,33
Obese,30
Obese,26
Overweight,10
Obese,23
Morbidly Obese,35
Obese,
Obese,
Normal,
Obese,
Obese,
Normal,17
Normal,28
Morbidly Obese,36
Morbidly Obese,39
Obese,
Morbidly Obese,
Obese,26
Normal,
Overweight,19
Normal,26
Morbidly Obese,46
Normal,
Morbidly Obese,
Obese,32
Obese,49
Normal,
Obese,24
Morbidly Obese,19
Morbidly Obese,
Obese,11
Morbidly Obese,
Obese,27
Overweight,31
Obese,29
Obese,
Overweight,20
Obese,36
Morbidly Obese,
Obese,21
Obese,
Obese,32
Obese,13
Overweight,27
Morbidly Obese,36
Overweight,20
Overweight,
Obese,33
Obese,39
Normal,18
Obese,46
Obese,27
Overweight,19
Obese,36
Overweight,29
Obese,30
Obese,
Obese,40
Obese,29
Obese,26
Normal,
Obese,
Overweight,23
Overweight,
Morbidly Obese,37
Overweight,27
Normal,
Obese,32
Overweight,27
Obese,23
Obese,17
Obese,
Morbidly Obese,37
Obese,20
Overweight,18
Obese,
Morbidly Obese,37
Morbidly Obese,33
Morbidly Obese,41
Morbidly Obese,41
Obese,22
Normal,
Obese,
Obese,39
Overweight,24
Morbidly Obese,44
Obese,32
Obese,39
Obese,41
Obese,
Obese,
Obese,
Overweight,26
Morbidly Obese,31
Normal,
Obese,48
Obese,27
Overweight,23
Obese,
Obese,31
