BMICategory,SkinThickness,BloodPressure
Obese,35.0,72.0
Overweight,29.0,66.0
Normal,,64.0
Overweight,23.0,66.0
Morbidly Obese,35.0,40.0
Overweight,,74.0
Obese,32.0,50.0
Obese,,
Obese,45.0,70.0
Morbidly Obese,,96.0
Obese,,92.0
Obese,,74.0
Overweight,,80.0
Obese,23.0,60.0
Overweight,19.0,72.0
Morbidly Obese,,
Morbidly Obese,47.0,84.0
Overweight,,74.0
Morbidly Obese,38.0,30.0
Obese,30.0,70.0
Obese,41.0,88.0
Obese,,84.0
Obese,,90.0
Overweight,35.0,80.0
Obese,33.0,94.0
Obese,26.0,70.0
Obese,,76.0
Normal,15.0,66.0
Normal,19.0,82.0
Obese,,92.0
Obese,26.0,75.0
Obese,36.0,76.0
Normal,11.0,58.0
Normal,,92.0
Overweight,31.0,78.0
Normal,33.0,60.0
Obese,,76.0
Obese,37.0,76.0
Obese,42.0,68.0
Obese,47.0,72.0
Obese,25.0,64.0
Morbidly Obese,,84.0
Normal,18.0,92.0
Morbidly Obese,24.0,110.0
Overweight,,64.0
Morbidly Obese,39.0,66.0
Overweight,,56.0
Overweight,27.0,70.0
Obese,32.0,66.0
Morbidly Obese,,
Normal,11.0,80.0
Normal,15.0,50.0
Normal,21.0,66.0
Obese,34.0,90.0
Obese,42.0,66.0
Normal,10.0,50.0
Obese,39.0,68.0
Morbidly Obese,60.0,88.0
Morbidly Obese,,82.0
Morbidly Obese,41.0,64.0
Morbidly Obese,,
Obese,,72.0
Morbidly Obese,,62.0
Overweight,34.0,58.0
Obese,,66.0
Overweight,27.0,74.0
Obese,30.0,88.0
Morbidly Obese,,92.0
Normal,13.0,66.0
Overweight,27.0,85.0
Obese,20.0,66.0
Overweight,35.0,64.0
Morbidly Obese,,90.0
Obese,20.0,86.0
Obese,30.0,75.0
Normal,20.0,48.0
Obese,,78.0
Obese,33.0,72.0
Morbidly Obese,,
Morbidly Obese,22.0,66.0
Normal,13.0,44.0
Morbidly Obese,,
Overweight,26.0,78.0
Normal,28.0,65.0
Morbidly Obese,,108.0
Obese,29.0,74.0
Obese,54.0,72.0
Obese,25.0,68.0
Obese,32.0,70.0
Overweight,19.0,68.0
Normal,,55.0
Obese,15.0,80.0
Morbidly Obese,40.0,78.0
Normal,,72.0
Normal,18.0,82.0
Obese,27.0,72.0
Obese,28.0,62.0
Normal,18.0,48.0
Overweight,30.0,50.0
Morbidly Obese,51.0,90.0
Obese,,72.0
Overweight,,60.0
Normal,,96.0
Overweight,18.0,72.0
Obese,,65.0
Overweight,29.0,56.0
Normal,,122.0
Overweight,28.0,58.0
Obese,31.0,58.0
Obese,25.0,85.0
Obese,33.0,72.0
Obese,26.0,62.0
Obese,34.0,76.0
Obese,,62.0
Obese,32.0,54.0
Obese,,92.0
Obese,,74.0
Obese,,48.0
Overweight,23.0,60.0
Normal,15.0,76.0
Morbidly Obese,56.0,76.0
Obese,39.0,64.0
Obese,30.0,74.0
Overweight,,80.0
Obese,,76.0
Morbidly Obese,42.0,30.0
Morbidly Obese,30.0,70.0
Obese,36.0,58.0
Obese,24.0,88.0
Overweight,,84.0
Overweight,14.0,70.0
Obese,,56.0
Obese,37.0,64.0
Obese,31.0,74.0
Normal,13.0,68.0
Obese,20.0,60.0
Obese,26.0,70.0
Overweight,25.0,60.0
Obese,,80.0
Obese,29.0,72.0
Normal,,78.0
Obese,30.0,82.0
Obese,26.0,52.0
Obese,,66.0
Obese,31.0,62.0
Morbidly Obese,23.0,75.0
Obese,37.0,80.0
Obese,35.0,64.0
Obese,,78.0
Overweight,17.0,70.0
Obese,50.0,74.0
Normal,,65.0
Obese,28.0,86.0
Morbidly Obese,42.0,82.0
Morbidly Obese,,78.0
Morbidly Obese,44.0,88.0
Normal,15.0,52.0
Overweight,21.0,56.0
Overweight,19.0,74.0
Morbidly Obese,41.0,72.0
Overweight,38.0,90.0
Obese,40.0,74.0
Morbidly Obese,34.0,80.0
Overweight,23.0,64.0
Obese,,88.0
Morbidly Obese,18.0,74.0
Obese,25.0,66.0
Overweight,,68.0
Obese,,66.0
Overweight,12.0,90.0
Obese,,82.0
Obese,23.0,70.0
Overweight,23.0,
Morbidly Obese,42.0,60.0
Overweight,24.0,64.0
Obese,42.0,72.0
Obese,,78.0
Morbidly Obese,46.0,110.0
Morbidly Obese,,78.0
Obese,,82.0
Normal,,80.0
Obese,18.0,64.0
Overweight,20.0,74.0
Overweight,,60.0
Overweight,,74.0
Obese,28.0,68.0
Obese,36.0,68.0
Obese,41.0,98.0
Overweight,39.0,76.0
Obese,35.0,80.0
Normal,,62.0
Obese,44.0,70.0
Obese,,66.0
Morbidly Obese,,
Normal,20.0,55.0
Obese,41.0,84.0
Normal,,58.0
Normal,13.0,62.0
Obese,44.0,64.0
Obese,27.0,60.0
Obese,16.0,80.0
Morbidly Obese,,82.0
Overweight,20.0,68.0
Normal,16.0,70.0
Obese,32.0,72.0
Normal,28.0,72.0
Obese,29.0,76.0
Obese,,104.0
Obese,27.0,64.0
Obese,33.0,84.0
Overweight,22.0,60.0
Morbidly Obese,54.0,85.0
Obese,31.0,95.0
Morbidly Obese,26.0,65.0
Obese,32.0,82.0
Morbidly Obese,40.0,70.0
Obese,41.0,62.0
Morbidly Obese,30.0,68.0
Overweight,22.0,74.0
Obese,,66.0
Obese,29.0,60.0
Obese,,90.0
Overweight,,
Overweight,33.0,60.0
Normal,15.0,66.0
Obese,27.0,78.0
Obese,,76.0
Obese,38.0,52.0
Obese,39.0,70.0
Morbidly Obese,31.0,80.0
Morbidly Obese,,86.0
Morbidly Obese,37.0,80.0
Overweight,25.0,80.0
Obese,,68.0
Overweight,28.0,68.0
Morbidly Obese,,72.0
Obese,21.0,84.0
Morbidly Obese,27.0,90.0
Obese,21.0,84.0
Morbidly Obese,,76.0
Overweight,24.0,64.0
Obese,32.0,70.0
Overweight,,54.0
Overweight,22.0,50.0
Obese,35.0,76.0
Morbidly Obese,15.0,85.0
Obese,,68.0
Morbidly Obese,33.0,90.0
Obese,33.0,70.0
Obese,19.0,86.0
Obese,,52.0
Overweight,,84.0
Normal,14.0,80.0
Obese,32.0,68.0
Overweight,7.0,62.0
Obese,35.0,64.0
Obese,39.0,56.0
Overweight,22.0,68.0
Overweight,16.0,50.0
Obese,28.0,76.0
Obese,15.0,68.0
Morbidly Obese,,
Obese,32.0,70.0
Obese,15.0,80.0
Obese,,62.0
Obese,18.0,74.0
Obese,,
Morbidly Obese,42.0,64.0
Overweight,,52.0
Overweight,,
Morbidly Obese,37.0,86.0
Overweight,32.0,62.0
Normal,,78.0
Obese,50.0,78.0
Obese,,70.0
Morbidly Obese,52.0,70.0
Overweight,24.0,60.0
Overweight,23.0,64.0
Morbidly Obese,,74.0
Overweight,10.0,62.0
Obese,,70.0
Obese,28.0,76.0
Obese,15.0,88.0
Obese,,86.0
Overweight,,80.0
Overweight,26.0,74.0
Obese,44.0,84.0
Morbidly Obese,39.0,86.0
Normal,17.0,56.0
Obese,43.0,72.0
Obese,29.0,88.0
Obese,30.0,62.0
Morbidly Obese,37.0,78.0
Morbidly Obese,45.0,48.0
Normal,,50.0
Obese,31.0,62.0
Overweight,38.0,70.0
Obese,29.0,84.0
Obese,25.0,78.0
Normal,,72.0
Obese,,
Obese,33.0,58.0
Obese,41.0,82.0
Morbidly Obese,,98.0
Normal,,76.0
Obese,37.0,76.0
Overweight,23.0,68.0
Normal,14.0,68.0
Obese,19.0,68.0
Obese,28.0,68.0
Overweight,30.0,66.0
Obese,37.0,70.0
Overweight,17.0,74.0
Overweight,10.0,50.0
Obese,31.0,80.0
Obese,22.0,68.0
Normal,11.0,80.0
Obese,,74.0
Obese,39.0,66.0
Normal,,78.0
Overweight,12.0,60.0
Obese,30.0,74.0
Overweight,20.0,70.0
Overweight,33.0,90.0
Obese,32.0,75.0
Overweight,21.0,72.0
Obese,32.0,64.0
Obese,,70.0
Morbidly Obese,36.0,86.0
Obese,32.0,70.0
Normal,19.0,72.0
Obese,16.0,58.0
Morbidly Obese,,
Normal,,80.0
Normal,18.0,60.0
Morbidly Obese,43.0,76.0
Obese,,
Obese,,76.0
Obese,34.0,78.0
Morbidly Obese,,84.0
Overweight,13.0,70.0
Overweight,21.0,74.0
Obese,35.0,68.0
Obese,,86.0
Obese,,72.0
Obese,36.0,88.0
Overweight,19.0,46.0
Normal,,
Normal,19.0,62.0
Morbidly Obese,32.0,80.0
Morbidly Obese,,80.0
Obese,,84.0
Obese,28.0,82.0
Overweight,12.0,62.0
Morbidly Obese,,78.0
Obese,,88.0
Obese,40.0,50.0
Morbidly Obese,30.0,
Obese,40.0,74.0
Obese,36.0,76.0
Obese,33.0,64.0
Overweight,,70.0
Obese,37.0,108.0
Obese,,78.0
Obese,25.0,74.0
Obese,28.0,54.0
Overweight,,72.0
Normal,17.0,64.0
Overweight,16.0,86.0
Obese,28.0,102.0
Obese,48.0,82.0
Morbidly Obese,23.0,64.0
Obese,22.0,64.0
Obese,40.0,58.0
Obese,43.0,52.0
Obese,43.0,82.0
Overweight,15.0,82.0
Obese,37.0,60.0
Morbidly Obese,,75.0
Morbidly Obese,39.0,100.0
Obese,30.0,72.0
Normal,22.0,68.0
Overweight,8.0,60.0
Overweight,18.0,62.0
Normal,24.0,70.0
Normal,13.0,54.0
Obese,29.0,74.0
Morbidly Obese,36.0,100.0
Obese,26.0,82.0
Obese,23.0,68.0
Obese,29.0,66.0
Morbidly Obese,,76.0
Normal,14.0,64.0
Normal,12.0,72.0
Obese,,78.0
Overweight,24.0,58.0
Normal,34.0,56.0
Obese,40.0,66.0
Normal,,70.0
Obese,31.0,70.0
Obese,,64.0
Normal,,61.0
Obese,41.0,84.0
Obese,25.0,78.0
Obese,,64.0
Morbidly Obese,32.0,48.0
Overweight,,72.0
Normal,,62.0
Overweight,,74.0
Morbidly Obese,49.0,68.0
Obese,39.0,90.0
Obese,30.0,72.0
Morbidly Obese,23.0,84.0
Overweight,22.0,74.0
Obese,35.0,60.0
Obese,33.0,84.0
Overweight,21.0,68.0
Obese,32.0,82.0
Underweight,,68.0
Overweight,29.0,64.0
Morbidly Obese,41.0,88.0
Overweight,18.0,68.0
Morbidly Obese,46.0,64.0
Obese,22.0,64.0
Morbidly Obese,32.0,78.0
Obese,39.0,78.0
Morbidly Obese,,
Obese,30.0,64.0
Morbidly Obese,46.0,94.0
Obese,25.0,82.0
Normal,,
Obese,16.0,74.0
Morbidly Obese,11.0,74.0
Overweight,,75.0
Normal,8.0,68.0
Morbidly Obese,,
Obese,33.0,85.0
Morbidly Obese,,75.0
Underweight,15.0,70.0
Obese,,88.0
Obese,25.0,104.0
Obese,23.0,66.0
Obese,27.0,64.0
Obese,,70.0
Overweight,12.0,62.0
Morbidly Obese,63.0,78.0
Overweight,12.0,72.0
Obese,45.0,80.0
Obese,37.0,64.0
Obese,18.0,74.0
Normal,13.0,64.0
Overweight,,70.0
Morbidly Obese,32.0,68.0
Normal,,
Obese,28.0,54.0
Obese,30.0,62.0
Overweight,,54.0
Obese,28.0,68.0
Obese,48.0,84.0
Overweight,33.0,74.0
Normal,22.0,72.0
Normal,,62.0
Obese,40.0,70.0
Overweight,30.0,78.0
Normal,,98.0
Normal,13.0,56.0
Overweight,10.0,52.0
Obese,36.0,64.0
Morbidly Obese,,
Morbidly Obese,41.0,78.0
Morbidly Obese,40.0,82.0
Obese,38.0,70.0
Obese,27.0,66.0
Morbidly Obese,,90.0
Overweight,,64.0
Overweight,27.0,84.0
Obese,45.0,80.0
Normal,17.0,76.0
Overweight,38.0,74.0
Overweight,31.0,86.0
Obese,30.0,70.0
Obese,37.0,88.0
Overweight,22.0,58.0
Obese,31.0,82.0
Morbidly Obese,,
Morbidly Obese,42.0,68.0
Morbidly Obese,41.0,62.0
Morbidly Obese,32.0,78.0
Overweight,17.0,72.0
Overweight,,80.0
Obese,28.0,65.0
Obese,30.0,90.0
Obese,38.0,68.0
Overweight,18.0,70.0
Morbidly Obese,,
Overweight,,74.0
Overweight,,68.0
Obese,15.0,72.0
Overweight,33.0,70.0
Overweight,32.0,74.0
Overweight,19.0,90.0
Obese,32.0,72.0
Obese,41.0,68.0
Obese,25.0,64.0
Obese,39.0,78.0
Obese,,82.0
Obese,26.0,90.0
Overweight,23.0,60.0
Obese,23.0,50.0
Morbidly Obese,,78.0
Overweight,31.0,72.0
Normal,17.0,62.0
Normal,,68.0
Overweight,,62.0
Overweight,19.0,54.0
Obese,18.0,70.0
Obese,34.0,88.0
Obese,,86.0
Obese,,60.0
Normal,7.0,90.0
Morbidly Obese,32.0,70.0
Obese,33.0,80.0
Morbidly Obese,,
Obese,,70.0
Obese,,58.0
Normal,18.0,60.0
Underweight,19.0,64.0
Overweight,15.0,74.0
Obese,31.0,66.0
Normal,,65.0
Overweight,18.0,60.0
Morbidly Obese,,76.0
Morbidly Obese,52.0,66.0
Overweight,,
Obese,30.0,56.0
Obese,,
Overweight,,90.0
Normal,,60.0
Obese,37.0,80.0
Obese,49.0,92.0
Obese,40.0,74.0
Obese,25.0,72.0
Obese,32.0,85.0
Obese,23.0,90.0
Obese,29.0,78.0
Obese,35.0,90.0
Morbidly Obese,27.0,76.0
Obese,21.0,68.0
Obese,43.0,82.0
Overweight,31.0,110.0
Overweight,28.0,70.0
Obese,30.0,68.0
Overweight,,88.0
Morbidly Obese,24.0,62.0
Obese,23.0,64.0
Overweight,33.0,70.0
Obese,40.0,70.0
Overweight,,76.0
Morbidly Obese,40.0,68.0
Obese,,74.0
Obese,,76.0
Morbidly Obese,32.0,66.0
Obese,34.0,68.0
Overweight,19.0,60.0
Obese,,80.0
Overweight,14.0,54.0
Obese,30.0,72.0
Obese,32.0,62.0
Obese,29.0,72.0
Obese,30.0,66.0
Obese,,70.0
Normal,,96.0
Overweight,31.0,58.0
Obese,17.0,60.0
Obese,30.0,86.0
Obese,47.0,44.0
Normal,20.0,44.0
Morbidly Obese,,80.0
Overweight,,68.0
Obese,99.0,70.0
Morbidly Obese,46.0,90.0
Morbidly Obese,27.0,60.0
Overweight,17.0,78.0
Obese,,76.0
Overweight,24.0,76.0
Normal,11.0,56.0
Obese,,66.0
Normal,,66.0
Obese,27.0,86.0
Normal,,
Morbidly Obese,40.0,84.0
Obese,50.0,78.0
Obese,,80.0
Overweight,22.0,52.0
Obese,45.0,72.0
Obese,14.0,82.0
Morbidly Obese,,76.0
Overweight,19.0,24.0
Obese,,74.0
Normal,18.0,38.0
Overweight,19.0,88.0
Normal,,
Overweight,36.0,74.0
Obese,29.0,78.0
Overweight,,
Obese,32.0,60.0
Morbidly Obese,42.0,78.0
Normal,25.0,62.0
Morbidly Obese,39.0,82.0
Normal,13.0,62.0
Obese,21.0,54.0
Obese,22.0,58.0
Obese,42.0,88.0
Obese,28.0,80.0
Obese,26.0,74.0
Overweight,,72.0
Overweight,,96.0
Normal,13.0,62.0
Overweight,24.0,82.0
Obese,,
Obese,42.0,86.0
Normal,20.0,76.0
Morbidly Obese,,94.0
Morbidly Obese,27.0,70.0
Obese,,64.0
Obese,47.0,88.0
Normal,,68.0
Obese,,78.0
Obese,,80.0
Normal,22.0,65.0
Overweight,,64.0
Obese,40.0,78.0
Overweight,,60.0
Overweight,17.0,82.0
Overweight,,62.0
Obese,,72.0
Overweight,,74.0
Obese,18.0,76.0
Morbidly Obese,32.0,76.0
Normal,12.0,74.0
Overweight,17.0,86.0
Obese,,70.0
Overweight,,80.0
Overweight,,
Overweight,30.0,72.0
Obese,35.0,74.0
Normal,17.0,74.0
Obese,36.0,50.0
Overweight,35.0,84.0
Overweight,25.0,60.0
Overweight,25.0,54.0
Obese,23.0,60.0
Obese,40.0,74.0
Overweight,,54.0
Obese,28.0,70.0
Obese,27.0,52.0
Normal,35.0,58.0
Obese,48.0,80.0
Obese,,106.0
Obese,31.0,82.0
Overweight,,84.0
Morbidly Obese,43.0,76.0
Obese,46.0,106.0
Obese,46.0,80.0
Obese,39.0,60.0
Obese,45.0,80.0
Obese,18.0,82.0
Overweight,27.0,70.0
Obese,33.0,58.0
Obese,30.0,78.0
Obese,26.0,68.0
Overweight,10.0,58.0
Obese,23.0,106.0
Morbidly Obese,35.0,100.0
Obese,,82.0
Obese,,70.0
Normal,,86.0
Obese,,60.0
Obese,,52.0
Normal,17.0,58.0
Normal,28.0,56.0
Morbidly Obese,36.0,76.0
Morbidly Obese,39.0,64.0
Obese,,80.0
Morbidly Obese,,82.0
Obese,26.0,74.0
Normal,,64.0
Overweight,19.0,50.0
Normal,26.0,74.0
Morbidly Obese,46.0,82.0
Normal,,80.0
Morbidly Obese,,114.0
Obese,32.0,70.0
Obese,49.0,68.0
Normal,,60.0
Obese,24.0,90.0
Morbidly Obese,19.0,74.0
Morbidly Obese,,
Obese,11.0,88.0
Morbidly Obese,,70.0
Obese,27.0,76.0
Overweight,31.0,78.0
Obese,29.0,88.0
Obese,,
Overweight,20.0,76.0
Obese,36.0,80.0
Morbidly Obese,,
Obese,21.0,46.0
Obese,,78.0
Obese,32.0,64.0
Obese,13.0,64.0
Overweight,27.0,78.0
Morbidly Obese,36.0,62.0
Overweight,20.0,58.0
Overweight,,74.0
Obese,33.0,50.0
Obese,39.0,78.0
Normal,18.0,72.0
Obese,46.0,60.0
Obese,27.0,76.0
Overweight,19.0,86.0
Obese,36.0,66.0
Overweight,29.0,68.0
Obese,30.0,86.0
Obese,,94.0
Obese,40.0,78.0
Obese,29.0,78.0
Obese,26.0,84.0
Normal,,88.0
Obese,,52.0
Overweight,23.0,78.0
Overweight,,86.0
Morbidly Obese,37.0,88.0
Overweight,27.0,56.0
Normal,,75.0
Obese,32.0,60.0
Overweight,27.0,86.0
Obese,23.0,72.0
Obese,17.0,60.0
Obese,,74.0
Morbidly Obese,37.0,80.0
Obese,20.0,44.0
Overweight,18.0,58.0
Obese,,94.0
Morbidly Obese,37.0,88.0
Morbidly Obese,33.0,84.0
Morbidly Obese,41.0,94.0
Morbidly Obese,41.0,74.0
Obese,22.0,70.0
Normal,,62.0
Obese,,70.0
Obese,39.0,78.0
Overweight,24.0,62.0
Morbidly Obese,44.0,88.0
Obese,32.0,78.0
Obese,39.0,88.0
Obese,41.0,90.0
Obese,,72.0
Obese,,76.0
Obese,,92.0
Overweight,26.0,58.0
Morbidly Obese,31.0,74.0
Normal,,62.0
Obese,48.0,76.0
Obese,27.0,70.0
Overweight,23.0,72.0
Obese,,60.0
Obese,31.0,70.0
